{
    "negative": {
        "precision": 0.7971358517325513,
        "recall": 0.8648636313253484,
        "f1-score": 0.8296197615183271,
        "support": 153371.0
    },
    "neutral": {
        "precision": 0.6333959316917352,
        "recall": 0.5504476610283239,
        "f1-score": 0.5890158315652032,
        "support": 65563.0
    },
    "positive": {
        "precision": 0.7476347586689099,
        "recall": 0.6814506492471919,
        "f1-score": 0.7130101376342741,
        "support": 50212.0
    },
    "accuracy": 0.7540554197350137,
    "macro avg": {
        "precision": 0.7260555140310655,
        "recall": 0.6989206472002881,
        "f1-score": 0.7105485769059348,
        "support": 269146.0
    },
    "weighted avg": {
        "precision": 0.7480144482469058,
        "recall": 0.7540554197350137,
        "f1-score": 0.7492547629897117,
        "support": 269146.0
    }
}