{
    "negative": {
        "precision": 0.8092702145111978,
        "recall": 0.8491240195343318,
        "f1-score": 0.828718242415565,
        "support": 153371.0
    },
    "neutral": {
        "precision": 0.6173851207205987,
        "recall": 0.5561673504873176,
        "f1-score": 0.5851795386158476,
        "support": 65563.0
    },
    "positive": {
        "precision": 0.7220707892595606,
        "recall": 0.7069425635306301,
        "f1-score": 0.7144265990419837,
        "support": 50212.0
    },
    "accuracy": 0.7512353889710417,
    "macro avg": {
        "precision": 0.716242041497119,
        "recall": 0.7040779778507599,
        "f1-score": 0.7094414600244655,
        "support": 269146.0
    },
    "weighted avg": {
        "precision": 0.7462597297002468,
        "recall": 0.7512353889710417,
        "f1-score": 0.7480707870036505,
        "support": 269146.0
    }
}