{
    "negative": {
        "precision": 0.5734026459632647,
        "recall": 0.6985703543034987,
        "f1-score": 0.62982797506726,
        "support": 230057.0
    },
    "neutral": {
        "precision": 0.2534241576450553,
        "recall": 0.10592410314813308,
        "f1-score": 0.14940229044310105,
        "support": 98344.0
    },
    "positive": {
        "precision": 0.19481891714639657,
        "recall": 0.21297697761491277,
        "f1-score": 0.20349368244786117,
        "support": 75318.0
    },
    "accuracy": 0.46361206680884476,
    "macro avg": {
        "precision": 0.3405485735849056,
        "recall": 0.3391571450221815,
        "f1-score": 0.3275746493194074,
        "support": 403719.0
    },
    "weighted avg": {
        "precision": 0.4248286780742259,
        "recall": 0.46361206680884476,
        "f1-score": 0.43326147762674777,
        "support": 403719.0
    }
}