{
    "negative": {
        "precision": 0.5702397278391126,
        "recall": 0.9136603399599663,
        "f1-score": 0.7022109303747357,
        "support": 153371.0
    },
    "neutral": {
        "precision": 0.2536596883362191,
        "recall": 0.04915882433689733,
        "f1-score": 0.08235699957837714,
        "support": 65563.0
    },
    "positive": {
        "precision": 0.18611604223115014,
        "recall": 0.03967179160360073,
        "f1-score": 0.06540261019453336,
        "support": 50212.0
    },
    "accuracy": 0.5400191717506484,
    "macro avg": {
        "precision": 0.33667181946882724,
        "recall": 0.33416365196682146,
        "f1-score": 0.28332351338254874,
        "support": 269146.0
    },
    "weighted avg": {
        "precision": 0.42145967674537455,
        "recall": 0.5400191717506484,
        "f1-score": 0.43241348721121114,
        "support": 269146.0
    }
}