{
    "negative": {
        "precision": 0.5695649673240206,
        "recall": 0.8264654641810196,
        "f1-score": 0.6743775271334327,
        "support": 191714.0
    },
    "neutral": {
        "precision": 0.2449665997103751,
        "recall": 0.06398789550107989,
        "f1-score": 0.10147058823529412,
        "support": 81953.0
    },
    "positive": {
        "precision": 0.18271397160617822,
        "recall": 0.10724129690113916,
        "f1-score": 0.13515521465001407,
        "support": 62765.0
    },
    "accuracy": 0.5065511009654254,
    "macro avg": {
        "precision": 0.332415179546858,
        "recall": 0.3325648855277462,
        "f1-score": 0.3036677766729136,
        "support": 336432.0
    },
    "weighted avg": {
        "precision": 0.4183233709025403,
        "recall": 0.5065511009654254,
        "f1-score": 0.4342228129369802,
        "support": 336432.0
    }
}