{
    "negative": {
        "precision": 0.5718657755224942,
        "recall": 0.7553709632199047,
        "f1-score": 0.6509325564604713,
        "support": 153371.0
    },
    "neutral": {
        "precision": 0.24788071241198398,
        "recall": 0.13692173939569574,
        "f1-score": 0.17640354497042582,
        "support": 65563.0
    },
    "positive": {
        "precision": 0.19878068874608668,
        "recall": 0.12013064606070262,
        "f1-score": 0.14975731469642614,
        "support": 50212.0
    },
    "accuracy": 0.48620822899095656,
    "macro avg": {
        "precision": 0.3395090588935216,
        "recall": 0.33747444955876765,
        "f1-score": 0.3256978053757744,
        "support": 269146.0
    },
    "weighted avg": {
        "precision": 0.4233412532560241,
        "recall": 0.48620822899095656,
        "f1-score": 0.44183951097668894,
        "support": 269146.0
    }
}