{
    "negative": {
        "precision": 0.5691587255328577,
        "recall": 0.619707289932495,
        "f1-score": 0.5933583881667936,
        "support": 230057.0
    },
    "neutral": {
        "precision": 0.24848385845261675,
        "recall": 0.12373911982429024,
        "f1-score": 0.16520836020282792,
        "support": 98344.0
    },
    "positive": {
        "precision": 0.18497558916907259,
        "recall": 0.25604769112297193,
        "f1-score": 0.2147849088124739,
        "support": 75318.0
    },
    "accuracy": 0.4310473373807029,
    "macro avg": {
        "precision": 0.3342060577181824,
        "recall": 0.33316470029325235,
        "f1-score": 0.3244505523940318,
        "support": 403719.0
    },
    "weighted avg": {
        "precision": 0.4193704951231253,
        "recall": 0.4310473373807029,
        "f1-score": 0.4184362674142481,
        "support": 403719.0
    }
}