{
    "negative": {
        "precision": 0.570125262994547,
        "recall": 0.8240399762145696,
        "f1-score": 0.6739602953002383,
        "support": 191714.0
    },
    "neutral": {
        "precision": 0.23956418419046766,
        "recall": 0.06519590496992178,
        "f1-score": 0.10249769797421732,
        "support": 81953.0
    },
    "positive": {
        "precision": 0.18373298768632534,
        "recall": 0.10840436549032104,
        "f1-score": 0.1363568043127549,
        "support": 62765.0
    },
    "accuracy": 0.5056801968897132,
    "macro avg": {
        "precision": 0.33114081162378,
        "recall": 0.3325467488916041,
        "f1-score": 0.3042715991957368,
        "support": 336432.0
    },
    "weighted avg": {
        "precision": 0.4175167618681641,
        "recall": 0.5056801968897132,
        "f1-score": 0.4344594233543806,
        "support": 336432.0
    }
}