{
    "negative": {
        "precision": 0.9431176663951178,
        "recall": 0.8605146996498686,
        "f1-score": 0.8999246528405197,
        "support": 153371.0
    },
    "neutral": {
        "precision": 0.7019799820001636,
        "recall": 0.7851837164254228,
        "f1-score": 0.7412543107482523,
        "support": 65563.0
    },
    "positive": {
        "precision": 0.7660808247127465,
        "recall": 0.8524655460846013,
        "f1-score": 0.8069679316780725,
        "support": 50212.0
    },
    "accuracy": 0.8406626886522557,
    "macro avg": {
        "precision": 0.803726157702676,
        "recall": 0.8327213207199643,
        "f1-score": 0.8160489650889481,
        "support": 269146.0
    },
    "weighted avg": {
        "precision": 0.8513493180022693,
        "recall": 0.8406626886522557,
        "f1-score": 0.8439310786406278,
        "support": 269146.0
    }
}