{
    "negative": {
        "precision": 0.5698697359029264,
        "recall": 0.9994731735814808,
        "f1-score": 0.7258700568610144,
        "support": 191714.0
    },
    "neutral": {
        "precision": 0.30935251798561153,
        "recall": 0.0005246909814161776,
        "f1-score": 0.0010476051259562442,
        "support": 81953.0
    },
    "positive": {
        "precision": 0.18867924528301888,
        "recall": 0.0001593244642714889,
        "f1-score": 0.0003183800821420612,
        "support": 62765.0
    },
    "accuracy": 0.5697020497455653,
    "macro avg": {
        "precision": 0.3559671663905189,
        "recall": 0.33338572967572283,
        "f1-score": 0.24241201402303755,
        "support": 336432.0
    },
    "weighted avg": {
        "precision": 0.4352939859631578,
        "recall": 0.5697020497455653,
        "f1-score": 0.4139478099282935,
        "support": 336432.0
    }
}