{
    "negative": {
        "precision": 0.5698741659076969,
        "recall": 0.9995305501039962,
        "f1-score": 0.7258887815595583,
        "support": 153371.0
    },
    "neutral": {
        "precision": 0.3333333333333333,
        "recall": 0.0005490901880633894,
        "f1-score": 0.0010963743509311567,
        "support": 65563.0
    },
    "positive": {
        "precision": 0.21212121212121213,
        "recall": 0.00013940890623755276,
        "f1-score": 0.00027863469001890734,
        "support": 50212.0
    },
    "accuracy": 0.5697353852555862,
    "macro avg": {
        "precision": 0.3717762371207474,
        "recall": 0.3334063497327657,
        "f1-score": 0.24242126353350277,
        "support": 269146.0
    },
    "weighted avg": {
        "precision": 0.4455111141751801,
        "recall": 0.5697353852555862,
        "f1-score": 0.4139617929049525,
        "support": 269146.0
    }
}