{
    "negative": {
        "precision": 0.5698843727232628,
        "recall": 0.9996218328501197,
        "f1-score": 0.7259211325846953,
        "support": 230057.0
    },
    "neutral": {
        "precision": 0.37398373983739835,
        "recall": 0.0004677458716342634,
        "f1-score": 0.0009343231742614277,
        "support": 98344.0
    },
    "positive": {
        "precision": 0.2413793103448276,
        "recall": 0.00018587854165007036,
        "f1-score": 0.0003714710252600297,
        "support": 75318.0
    },
    "accuracy": 0.5697774937518423,
    "macro avg": {
        "precision": 0.3950824743018296,
        "recall": 0.3334251524211347,
        "f1-score": 0.24240897559473892,
        "support": 403719.0
    },
    "weighted avg": {
        "precision": 0.46087787035714567,
        "recall": 0.5697774937518423,
        "f1-score": 0.4139589703035213,
        "support": 403719.0
    }
}