{
    "negative": {
        "precision": 0.9048390572498064,
        "recall": 0.7391879820826623,
        "f1-score": 0.8136680733786926,
        "support": 153371.0
    },
    "neutral": {
        "precision": 0.5623196800748571,
        "recall": 0.7699464637066639,
        "f1-score": 0.6499542920416651,
        "support": 65563.0
    },
    "positive": {
        "precision": 0.706334824895529,
        "recall": 0.7607743168963594,
        "f1-score": 0.73254453755729,
        "support": 50212.0
    },
    "accuracy": 0.750707794282657,
    "macro avg": {
        "precision": 0.7244978540733976,
        "recall": 0.756636254228562,
        "f1-score": 0.7320556343258825,
        "support": 269146.0
    },
    "weighted avg": {
        "precision": 0.7843695260634088,
        "recall": 0.750707794282657,
        "f1-score": 0.7586535399044304,
        "support": 269146.0
    }
}